{"cameraMode":{"drawMode":0,"name":"Shaded","section":"Shading Mode"},"sceneLighting":true,"audioPlay":false,"sceneViewState":{"showFog":true,"showMaterialUpdate":false,"showSkybox":true,"showFlares":true,"showImageEffects":true,"showParticleSystems":true},"in2DMode":false,"pivot":{"x":-1.3005040884017945,"y":0.3723335266113281,"z":-2.5494346618652345},"rotation":{"x":0.2677818834781647,"y":-0.419572651386261,"z":0.1310339719057083,"w":0.8573933839797974},"size":10.0,"orthographic":false}